,year,statefip,state_population
0,1990,1,400940.0
0,1991,1,403428.8
0,1992,1,405917.6
0,1993,1,408406.4
0,1994,1,410895.2
0,1995,1,413384.0
0,1996,1,415872.8
0,1997,1,418361.6
0,1998,1,420850.4
0,1999,1,423339.2
51,2000,1,425828.0
102,2001,1,380204.0
153,2002,1,365234.0
204,2003,1,367642.0
255,2004,1,376768.0
306,2005,1,389033.0
357,2006,1,405562.0
408,2007,1,427625.0
459,2008,1,412930.0
510,2009,1,425523.0
561,2010,1,413392.0
612,2011,1,434442.0
663,2012,1,405365.0
714,2013,1,401061.0
765,2014,1,411017.0
1,1990,2,45364.0
1,1991,2,46729.3
1,1992,2,48094.6
1,1993,2,49459.9
1,1994,2,50825.2
1,1995,2,52190.5
1,1996,2,53555.8
1,1997,2,54921.1
1,1998,2,56286.4
1,1999,2,57651.7
52,2000,2,59017.0
103,2001,2,52408.0
154,2002,2,49914.0
205,2003,2,54530.0
256,2004,2,57522.0
307,2005,2,62374.0
358,2006,2,63058.0
409,2007,2,68225.0
460,2008,2,66084.0
511,2009,2,63596.0
562,2010,2,67677.0
613,2011,2,72406.0
664,2012,2,62409.0
715,2013,2,65906.0
766,2014,2,66823.0
2,1990,4,350766.0
2,1991,4,365849.5
2,1992,4,380933.0
2,1993,4,396016.5
2,1994,4,411100.0
2,1995,4,426183.5
2,1996,4,441267.0
2,1997,4,456350.5
2,1998,4,471434.0
2,1999,4,486517.5
53,2000,4,501601.0
104,2001,4,456598.0
155,2002,4,484677.0
206,2003,4,515987.0
257,2004,4,501850.0
308,2005,4,523154.0
359,2006,4,520561.0
410,2007,4,512429.0
461,2008,4,495742.0
512,2009,4,506804.0
563,2010,4,564766.0
614,2011,4,557872.0
665,2012,4,556135.0
716,2013,4,537625.0
767,2014,4,573053.0
3,1990,5,213460.0
3,1991,5,217687.5
3,1992,5,221915.0
3,1993,5,226142.5
3,1994,5,230370.0
3,1995,5,234597.5
3,1996,5,238825.0
3,1997,5,243052.5
3,1998,5,247280.0
3,1999,5,251507.5
54,2000,5,255735.0
105,2001,5,222438.0
156,2002,5,244395.0
207,2003,5,238106.0
258,2004,5,242774.0
309,2005,5,240907.0
360,2006,5,249403.0
411,2007,5,252407.0
462,2008,5,258558.0
513,2009,5,254942.0
564,2010,5,251499.0
615,2011,5,250570.0
666,2012,5,254406.0
717,2013,5,253260.0
768,2014,5,249794.0
4,1990,6,3056822.0
4,1991,6,3079468.9
4,1992,6,3102115.8
4,1993,6,3124762.7
4,1994,6,3147409.6
4,1995,6,3170056.5
4,1996,6,3192703.4
4,1997,6,3215350.3
4,1998,6,3237997.2
4,1999,6,3260644.1
55,2000,6,3283291.0
106,2001,6,2905743.0
157,2002,6,2957405.0
208,2003,6,3059358.0
259,2004,6,3059835.0
310,2005,6,3157216.0
361,2006,6,3364873.0
412,2007,6,3386007.0
463,2008,6,3305713.0
514,2009,6,3436299.0
565,2010,6,3596637.0
616,2011,6,3472361.0
667,2012,6,3515787.0
718,2013,6,3527769.0
769,2014,6,3467262.0
5,1990,8,286275.0
5,1991,8,299899.4
5,1992,8,313523.8
5,1993,8,327148.2
5,1994,8,340772.6
5,1995,8,354397.0
5,1996,8,368021.4
5,1997,8,381645.8
5,1998,8,395270.2
5,1999,8,408894.6
56,2000,8,422519.0
107,2001,8,389607.0
158,2002,8,402164.0
209,2003,8,409760.0
260,2004,8,447468.0
311,2005,8,388704.0
362,2006,8,419076.0
413,2007,8,408660.0
464,2008,8,422742.0
515,2009,8,447743.0
566,2010,8,449102.0
617,2011,8,444614.0
668,2012,8,450051.0
719,2013,8,445856.0
770,2014,8,458115.0
6,1990,9,291886.0
6,1991,9,289598.1
6,1992,9,287310.2
6,1993,9,285022.3
6,1994,9,282734.4
6,1995,9,280446.5
6,1996,9,278158.6
6,1997,9,275870.7
6,1998,9,273582.8
6,1999,9,271294.9
57,2000,9,269007.0
108,2001,9,223295.0
159,2002,9,248151.0
210,2003,9,252449.0
261,2004,9,250916.0
312,2005,9,245227.0
363,2006,9,283257.0
414,2007,9,304695.0
465,2008,9,306313.0
516,2009,9,307131.0
567,2010,9,316085.0
618,2011,9,308769.0
669,2012,9,313789.0
720,2013,9,297899.0
771,2014,9,300850.0
7,1990,10,63880.0
7,1991,10,64791.9
7,1992,10,65703.8
7,1993,10,66615.7
7,1994,10,67527.6
7,1995,10,68439.5
7,1996,10,69351.4
7,1997,10,70263.3
7,1998,10,71175.2
7,1999,10,72087.1
58,2000,10,72999.0
109,2001,10,61223.0
160,2002,10,67732.0
211,2003,10,66307.0
262,2004,10,66736.0
313,2005,10,67768.0
364,2006,10,71741.0
415,2007,10,77635.0
466,2008,10,78096.0
517,2009,10,76353.0
568,2010,10,78768.0
619,2011,10,81324.0
670,2012,10,87709.0
721,2013,10,78725.0
772,2014,10,83279.0
8,1990,11,62106.0
8,1991,11,62993.9
8,1992,11,63881.8
8,1993,11,64769.7
8,1994,11,65657.6
8,1995,11,66545.5
8,1996,11,67433.4
8,1997,11,68321.3
8,1998,11,69209.2
8,1999,11,70097.1
59,2000,11,70985.0
110,2001,11,46634.0
161,2002,11,43612.0
212,2003,11,42257.0
263,2004,11,42141.0
314,2005,11,36877.0
365,2006,11,65611.0
416,2007,11,62084.0
467,2008,11,61995.0
518,2009,11,59924.0
569,2010,11,71462.0
620,2011,11,78238.0
671,2012,11,78321.0
722,2013,11,76663.0
773,2014,11,72946.0
9,1990,12,1093206.0
9,1991,12,1112467.0
9,1992,12,1131728.0
9,1993,12,1150989.0
9,1994,12,1170250.0
9,1995,12,1189511.0
9,1996,12,1208772.0
9,1997,12,1228033.0
9,1998,12,1247294.0
9,1999,12,1266555.0
60,2000,12,1285816.0
111,2001,12,1211808.0
162,2002,12,1204815.0
213,2003,12,1275803.0
264,2004,12,1307481.0
315,2005,12,1401883.0
366,2006,12,1464489.0
417,2007,12,1475294.0
468,2008,12,1383291.0
519,2009,12,1449174.0
570,2010,12,1453372.0
621,2011,12,1454345.0
672,2012,12,1402960.0
723,2013,12,1405703.0
774,2014,12,1409391.0
10,1990,13,648209.0
10,1991,13,663934.6
10,1992,13,679660.2
10,1993,13,695385.8
10,1994,13,711111.4
10,1995,13,726837.0
10,1996,13,742562.6
10,1997,13,758288.2
10,1998,13,774013.8
10,1999,13,789739.4
61,2000,13,805465.0
112,2001,13,683592.0
163,2002,13,680271.0
214,2003,13,703593.0
265,2004,13,725894.0
316,2005,13,747382.0
367,2006,13,837697.0
418,2007,13,821527.0
469,2008,13,822650.0
520,2009,13,875164.0
571,2010,13,854046.0
622,2011,13,851384.0
673,2012,13,860879.0
724,2013,13,851247.0
775,2014,13,842035.0
11,1990,15,100634.0
11,1991,15,101848.0
11,1992,15,103062.0
11,1993,15,104276.0
11,1994,15,105490.0
11,1995,15,106704.0
11,1996,15,107918.0
11,1997,15,109132.0
11,1998,15,110346.0
11,1999,15,111560.0
62,2000,15,112774.0
113,2001,15,96455.0
164,2002,15,99329.0
215,2003,15,99007.0
266,2004,15,101214.0
317,2005,15,105152.0
368,2006,15,112168.0
419,2007,15,109485.0
470,2008,15,126641.0
521,2009,15,119826.0
572,2010,15,116381.0
623,2011,15,118410.0
674,2012,15,121614.0
725,2013,15,116938.0
776,2014,15,121135.0
12,1990,16,86880.0
12,1991,16,91689.6
12,1992,16,96499.2
12,1993,16,101308.8
12,1994,16,106118.4
12,1995,16,110928.0
12,1996,16,115737.6
12,1997,16,120547.20000000001
12,1998,16,125356.8
12,1999,16,130166.4
63,2000,16,134976.0
114,2001,16,129157.0
165,2002,16,125611.0
216,2003,16,136165.0
267,2004,16,141827.0
318,2005,16,130836.0
369,2006,16,147209.0
420,2007,16,138809.0
471,2008,16,146940.0
522,2009,16,144027.0
573,2010,16,135059.0
624,2011,16,139580.0
675,2012,16,140887.0
726,2013,16,142722.0
777,2014,16,134171.0
13,1990,17,1057518.0
13,1991,17,1069017.3
13,1992,17,1080516.6
13,1993,17,1092015.9
13,1994,17,1103515.2
13,1995,17,1115014.5
13,1996,17,1126513.8
13,1997,17,1138013.1
13,1998,17,1149512.4
13,1999,17,1161011.7
64,2000,17,1172511.0
115,2001,17,1031743.0
166,2002,17,1015853.0
217,2003,17,1018600.0
268,2004,17,1056705.0
319,2005,17,1051512.0
370,2006,17,1128260.0
421,2007,17,1187794.0
472,2008,17,1183828.0
523,2009,17,1195404.0
574,2010,17,1156453.0
625,2011,17,1106705.0
676,2012,17,1155852.0
727,2013,17,1127430.0
778,2014,17,1111778.0
14,1990,18,515502.0
14,1991,18,523696.7
14,1992,18,531891.4
14,1993,18,540086.1
14,1994,18,548280.8
14,1995,18,556475.5
14,1996,18,564670.2
14,1997,18,572864.9
14,1998,18,581059.6
14,1999,18,589254.3
65,2000,18,597449.0
116,2001,18,527937.0
167,2002,18,528014.0
218,2003,18,529480.0
269,2004,18,549900.0
320,2005,18,529778.0
371,2006,18,589360.0
422,2007,18,600312.0
473,2008,18,592443.0
524,2009,18,620002.0
575,2010,18,613253.0
626,2011,18,600161.0
677,2012,18,610496.0
728,2013,18,604108.0
779,2014,18,609769.0
15,1990,19,235446.0
15,1991,19,241072.1
15,1992,19,246698.2
15,1993,19,252324.3
15,1994,19,257950.4
15,1995,19,263576.5
15,1996,19,269202.6
15,1997,19,274828.7
15,1998,19,280454.8
15,1999,19,286080.9
66,2000,19,291707.0
117,2001,19,235364.0
168,2002,19,255204.0
219,2003,19,264243.0
270,2004,19,244657.0
321,2005,19,263352.0
372,2006,19,304334.0
423,2007,19,292993.0
474,2008,19,315944.0
525,2009,19,314779.0
576,2010,19,287568.0
627,2011,19,276087.0
678,2012,19,293583.0
729,2013,19,298734.0
780,2014,19,300916.0
16,1990,20,212592.0
16,1991,20,218574.6
16,1992,20,224557.2
16,1993,20,230539.8
16,1994,20,236522.4
16,1995,20,242505.0
16,1996,20,248487.6
16,1997,20,254470.2
16,1998,20,260452.8
16,1999,20,266435.4
67,2000,20,272418.0
118,2001,20,250153.0
169,2002,20,246235.0
220,2003,20,259164.0
271,2004,20,243871.0
322,2005,20,252584.0
373,2006,20,289971.0
424,2007,20,261188.0
475,2008,20,274001.0
526,2009,20,285174.0
577,2010,20,274998.0
628,2011,20,262881.0
679,2012,20,267341.0
730,2013,20,266213.0
781,2014,20,253134.0
17,1990,21,344986.0
17,1991,21,349230.4
17,1992,21,353474.8
17,1993,21,357719.2
17,1994,21,361963.6
17,1995,21,366208.0
17,1996,21,370452.4
17,1997,21,374696.8
17,1998,21,378941.2
17,1999,21,383185.6
68,2000,21,387430.0
119,2001,21,336374.0
170,2002,21,354918.0
221,2003,21,344728.0
272,2004,21,347738.0
323,2005,21,344445.0
374,2006,21,366127.0
425,2007,21,360151.0
476,2008,21,357744.0
527,2009,21,391826.0
578,2010,21,377976.0
629,2011,21,376719.0
680,2012,21,385101.0
731,2013,21,377527.0
782,2014,21,382590.0
18,1990,22,411957.0
18,1991,22,416954.4
18,1992,22,421951.8
18,1993,22,426949.2
18,1994,22,431946.6
18,1995,22,436944.0
18,1996,22,441941.4
18,1997,22,446938.8
18,1998,22,451936.2
18,1999,22,456933.6
69,2000,22,461931.0
120,2001,22,412315.0
171,2002,22,405061.0
222,2003,22,421710.0
273,2004,22,431608.0
324,2005,22,414687.0
375,2006,22,409643.0
426,2007,22,417854.0
477,2008,22,400490.0
528,2009,22,430631.0
579,2010,22,414807.0
630,2011,22,409826.0
681,2012,22,398049.0
732,2013,22,399282.0
783,2014,22,383427.0
19,1990,23,104176.0
19,1991,23,103938.1
19,1992,23,103700.2
19,1993,23,103462.3
19,1994,23,103224.4
19,1995,23,102986.5
19,1996,23,102748.6
19,1997,23,102510.7
19,1998,23,102272.8
19,1999,23,102034.9
70,2000,23,101797.0
121,2001,23,95554.0
172,2002,23,87363.0
223,2003,23,91623.0
274,2004,23,96187.0
325,2005,23,103018.0
376,2006,23,102842.0
427,2007,23,110009.0
478,2008,23,107623.0
529,2009,23,112749.0
580,2010,23,106865.0
631,2011,23,104929.0
682,2012,23,109032.0
733,2013,23,105482.0
784,2014,23,97098.0
20,1990,24,442964.0
20,1991,24,442773.4
20,1992,24,442582.8
20,1993,24,442392.2
20,1994,24,442201.6
20,1995,24,442011.0
20,1996,24,441820.4
20,1997,24,441629.8
20,1998,24,441439.2
20,1999,24,441248.6
71,2000,24,441058.0
122,2001,24,392023.0
173,2002,24,414318.0
224,2003,24,422460.0
275,2004,24,455618.0
326,2005,24,441886.0
377,2006,24,480138.0
428,2007,24,490150.0
479,2008,24,490673.0
530,2009,24,488034.0
581,2010,24,512784.0
632,2011,24,509985.0
683,2012,24,504626.0
734,2013,24,495482.0
785,2014,24,492249.0
21,1990,25,581653.0
21,1991,25,580019.6
21,1992,25,578386.2
21,1993,25,576752.8
21,1994,25,575119.4
21,1995,25,573486.0
21,1996,25,571852.6
21,1997,25,570219.2
21,1998,25,568585.8
21,1999,25,566952.4
72,2000,25,565319.0
123,2001,25,474985.0
174,2002,25,475806.0
225,2003,25,451333.0
276,2004,25,455966.0
327,2005,25,488509.0
378,2006,25,577001.0
429,2007,25,570109.0
480,2008,25,610181.0
531,2009,25,614251.0
582,2010,25,645152.0
633,2011,25,650633.0
684,2012,25,658535.0
735,2013,25,621829.0
786,2014,25,635598.0
22,1990,26,897008.0
22,1991,26,898431.3
22,1992,26,899854.6
22,1993,26,901277.9
22,1994,26,902701.2
22,1995,26,904124.5
22,1996,26,905547.8
22,1997,26,906971.1
22,1998,26,908394.4
22,1999,26,909817.7
73,2000,26,911241.0
124,2001,26,818152.0
175,2002,26,837847.0
226,2003,26,852839.0
277,2004,26,861977.0
328,2005,26,857429.0
379,2006,26,889208.0
430,2007,26,890400.0
481,2008,26,876616.0
532,2009,26,908038.0
583,2010,26,882555.0
634,2011,26,871156.0
685,2012,26,886299.0
736,2013,26,891197.0
787,2014,26,883380.0
23,1990,27,387516.0
23,1991,27,394800.8
23,1992,27,402085.6
23,1993,27,409370.4
23,1994,27,416655.2
23,1995,27,423940.0
23,1996,27,431224.8
23,1997,27,438509.6
23,1998,27,445794.4
23,1999,27,453079.2
74,2000,27,460364.0
125,2001,27,426352.0
176,2002,27,441855.0
227,2003,27,449135.0
278,2004,27,455592.0
329,2005,27,427068.0
380,2006,27,491526.0
431,2007,27,476674.0
482,2008,27,502406.0
533,2009,27,502387.0
584,2010,27,473927.0
635,2011,27,463641.0
686,2012,27,453143.0
737,2013,27,456900.0
788,2014,27,442642.0
24,1990,28,250467.0
24,1991,28,255934.0
24,1992,28,261401.0
24,1993,28,266868.0
24,1994,28,272335.0
24,1995,28,277802.0
24,1996,28,283269.0
24,1997,28,288736.0
24,1998,28,294203.0
24,1999,28,299670.0
75,2000,28,305137.0
126,2001,28,262621.0
177,2002,28,252451.0
228,2003,28,240839.0
279,2004,28,252668.0
330,2005,28,256060.0
381,2006,28,267190.0
432,2007,28,284521.0
483,2008,28,278319.0
534,2009,28,287041.0
585,2010,28,284109.0
636,2011,28,265483.0
687,2012,28,265419.0
738,2013,28,275981.0
789,2014,28,253247.0
25,1990,29,450632.0
25,1991,29,458223.5
25,1992,29,465815.0
25,1993,29,473406.5
25,1994,29,480998.0
25,1995,29,488589.5
25,1996,29,496181.0
25,1997,29,503772.5
25,1998,29,511364.0
25,1999,29,518955.5
76,2000,29,526547.0
127,2001,29,486558.0
178,2002,29,513778.0
229,2003,29,510886.0
280,2004,29,508604.0
331,2005,29,507814.0
382,2006,29,548137.0
433,2007,29,547384.0
484,2008,29,543267.0
535,2009,29,539578.0
586,2010,29,550476.0
637,2011,29,540740.0
688,2012,29,551288.0
739,2013,29,530044.0
790,2014,29,511996.0
26,1990,30,61419.0
26,1991,30,63649.2
26,1992,30,65879.4
26,1993,30,68109.6
26,1994,30,70339.8
26,1995,30,72570.0
26,1996,30,74800.2
26,1997,30,77030.4
26,1998,30,79260.6
26,1999,30,81490.8
77,2000,30,83721.0
128,2001,30,75192.0
179,2002,30,74068.0
230,2003,30,82472.0
281,2004,30,76618.0
332,2005,30,77345.0
383,2006,30,81069.0
434,2007,30,77466.0
485,2008,30,82759.0
536,2009,30,78216.0
587,2010,30,91489.0
638,2011,30,83692.0
689,2012,30,84265.0
740,2013,30,88557.0
791,2014,30,90061.0
27,1990,31,134103.0
27,1991,31,137505.9
27,1992,31,140908.8
27,1993,31,144311.7
27,1994,31,147714.6
27,1995,31,151117.5
27,1996,31,154520.4
27,1997,31,157923.3
27,1998,31,161326.2
27,1999,31,164729.1
78,2000,31,168132.0
129,2001,31,151553.0
180,2002,31,161033.0
231,2003,31,149263.0
282,2004,31,157055.0
333,2005,31,159988.0
384,2006,31,186546.0
435,2007,31,171330.0
486,2008,31,166198.0
537,2009,31,193342.0
588,2010,31,180345.0
639,2011,31,175272.0
690,2012,31,167241.0
741,2013,31,173933.0
792,2014,31,178108.0
28,1990,32,110129.0
28,1991,32,116514.7
28,1992,32,122900.4
28,1993,32,129286.1
28,1994,32,135671.8
28,1995,32,142057.5
28,1996,32,148443.2
28,1997,32,154828.9
28,1998,32,161214.6
28,1999,32,167600.3
79,2000,32,173986.0
130,2001,32,157432.0
181,2002,32,174084.0
232,2003,32,181546.0
283,2004,32,181586.0
334,2005,32,189753.0
385,2006,32,206529.0
436,2007,32,202579.0
487,2008,32,199664.0
538,2009,32,223630.0
589,2010,32,215801.0
640,2011,32,215903.0
691,2012,32,218802.0
742,2013,32,211258.0
793,2014,32,215258.0
29,1990,33,94221.0
29,1991,33,94948.6
29,1992,33,95676.2
29,1993,33,96403.8
29,1994,33,97131.4
29,1995,33,97859.0
29,1996,33,98586.6
29,1997,33,99314.2
29,1998,33,100041.8
29,1999,33,100769.4
80,2000,33,101497.0
131,2001,33,84605.0
182,2002,33,90278.0
233,2003,33,96760.0
284,2004,33,92936.0
335,2005,33,97201.0
386,2006,33,111980.0
437,2007,33,122437.0
488,2008,33,111817.0
539,2009,33,115058.0
590,2010,33,117387.0
641,2011,33,118183.0
692,2012,33,115562.0
743,2013,33,111837.0
794,2014,33,114966.0
30,1990,34,692032.0
30,1991,34,689077.8
30,1992,34,686123.6
30,1993,34,683169.4
30,1994,34,680215.2
30,1995,34,677261.0
30,1996,34,674306.8
30,1997,34,671352.6
30,1998,34,668398.4
30,1999,34,665444.2
81,2000,34,662490.0
132,2001,34,593899.0
183,2002,34,605654.0
234,2003,34,617460.0
285,2004,34,648055.0
336,2005,34,631195.0
387,2006,34,700785.0
438,2007,34,709207.0
489,2008,34,696301.0
540,2009,34,696043.0
591,2010,34,726341.0
642,2011,34,708135.0
693,2012,34,723729.0
744,2013,34,710371.0
795,2014,34,704709.0
31,1990,35,137298.0
31,1991,35,140946.9
31,1992,35,144595.8
31,1993,35,148244.7
31,1994,35,151893.6
31,1995,35,155542.5
31,1996,35,159191.4
31,1997,35,162840.3
31,1998,35,166489.2
31,1999,35,170138.1
82,2000,35,173787.0
133,2001,35,150414.0
184,2002,35,149989.0
235,2003,35,164719.0
286,2004,35,168896.0
337,2005,35,163687.0
388,2006,35,179689.0
439,2007,35,168853.0
490,2008,35,169373.0
541,2009,35,177218.0
592,2010,35,180680.0
643,2011,35,176938.0
694,2012,35,165022.0
745,2013,35,168421.0
796,2014,35,164905.0
32,1990,36,1692448.0
32,1991,36,1693583.3
32,1992,36,1694718.6
32,1993,36,1695853.9
32,1994,36,1696989.2
32,1995,36,1698124.5
32,1996,36,1699259.8
32,1997,36,1700395.1
32,1998,36,1701530.4
32,1999,36,1702665.7
83,2000,36,1703801.0
134,2001,36,1443263.0
185,2002,36,1472742.0
236,2003,36,1452352.0
287,2004,36,1457316.0
338,2005,36,1476641.0
389,2006,36,1733279.0
440,2007,36,1780847.0
491,2008,36,1794543.0
542,2009,36,1802606.0
593,2010,36,1872691.0
644,2011,36,1849515.0
695,2012,36,1845557.0
746,2013,36,1805638.0
797,2014,36,1795393.0
33,1990,37,641895.0
33,1991,37,657131.4
33,1992,37,672367.8
33,1993,37,687604.2
33,1994,37,702840.6
33,1995,37,718077.0
33,1996,37,733313.4
33,1997,37,748549.8
33,1998,37,763786.2
33,1999,37,779022.6
84,2000,37,794259.0
135,2001,37,668053.0
186,2002,37,652052.0
237,2003,37,687896.0
288,2004,37,682981.0
339,2005,37,673736.0
390,2006,37,807728.0
441,2007,37,851987.0
492,2008,37,839448.0
543,2009,37,879691.0
594,2010,37,857555.0
645,2011,37,849621.0
696,2012,37,845988.0
747,2013,37,857401.0
798,2014,37,845047.0
34,1990,38,54680.0
34,1991,38,56383.4
34,1992,38,58086.8
34,1993,38,59790.2
34,1994,38,61493.6
34,1995,38,63197.0
34,1996,38,64900.4
34,1997,38,66603.8
34,1998,38,68307.2
34,1999,38,70010.6
85,2000,38,71714.0
136,2001,38,57762.0
187,2002,38,60312.0
238,2003,38,60118.0
289,2004,38,61075.0
340,2005,38,57760.0
391,2006,38,87703.0
442,2007,38,90332.0
493,2008,38,87847.0
544,2009,38,86697.0
595,2010,38,75587.0
646,2011,38,81179.0
697,2012,38,79176.0
748,2013,38,93565.0
799,2014,38,88869.0
35,1990,39,1007954.0
35,1991,39,1010410.7
35,1992,39,1012867.4
35,1993,39,1015324.1
35,1994,39,1017780.8
35,1995,39,1020237.5
35,1996,39,1022694.2
35,1997,39,1025150.9
35,1998,39,1027607.6
35,1999,39,1030064.3
86,2000,39,1032521.0
137,2001,39,907639.0
188,2002,39,911069.0
239,2003,39,913849.0
290,2004,39,918690.0
341,2005,39,949573.0
392,2006,39,1016828.0
443,2007,39,1025828.0
494,2008,39,998437.0
545,2009,39,1015478.0
596,2010,39,1012561.0
647,2011,39,1013609.0
698,2012,39,987824.0
749,2013,39,1019597.0
800,2014,39,990655.0
36,1990,40,274482.0
36,1991,40,282447.7
36,1992,40,290413.4
36,1993,40,298379.1
36,1994,40,306344.8
36,1995,40,314310.5
36,1996,40,322276.2
36,1997,40,330241.9
36,1998,40,338207.6
36,1999,40,346173.3
87,2000,40,354139.0
138,2001,40,308383.0
189,2002,40,308034.0
240,2003,40,306633.0
291,2004,40,299797.0
342,2005,40,313660.0
393,2006,40,334026.0
444,2007,40,343284.0
495,2008,40,346526.0
546,2009,40,366534.0
597,2010,40,347123.0
648,2011,40,340896.0
699,2012,40,341543.0
750,2013,40,339703.0
801,2014,40,339187.0
37,1990,41,241249.0
37,1991,41,248801.4
37,1992,41,256353.8
37,1993,41,263906.2
37,1994,41,271458.6
37,1995,41,279011.0
37,1996,41,286563.4
37,1997,41,294115.8
37,1998,41,301668.2
37,1999,41,309220.6
88,2000,41,316773.0
139,2001,41,300966.0
190,2002,41,289037.0
241,2003,41,309093.0
292,2004,41,301149.0
343,2005,41,308798.0
394,2006,41,307300.0
445,2007,41,313788.0
496,2008,41,302655.0
547,2009,41,334328.0
598,2010,41,331258.0
649,2011,41,317430.0
700,2012,41,327824.0
751,2013,41,330247.0
802,2014,41,317769.0
38,1990,42,1052348.0
38,1991,42,1053817.6
38,1992,42,1055287.2
38,1993,42,1056756.8
38,1994,42,1058226.4
38,1995,42,1059696.0
38,1996,42,1061165.6
38,1997,42,1062635.2
38,1998,42,1064104.8
38,1999,42,1065574.4
89,2000,42,1067044.0
140,2001,42,889915.0
191,2002,42,920916.0
242,2003,42,920638.0
293,2004,42,925063.0
344,2005,42,964893.0
395,2006,42,1105063.0
446,2007,42,1186674.0
497,2008,42,1152813.0
548,2009,42,1147617.0
599,2010,42,1163996.0
650,2011,42,1167714.0
701,2012,42,1150348.0
752,2013,42,1133865.0
803,2014,42,1106720.0
39,1990,44,94443.0
39,1991,44,95531.5
39,1992,44,96620.0
39,1993,44,97708.5
39,1994,44,98797.0
39,1995,44,99885.5
39,1996,44,100974.0
39,1997,44,102062.5
39,1998,44,103151.0
39,1999,44,104239.5
90,2000,44,105328.0
141,2001,44,86096.0
192,2002,44,82968.0
243,2003,44,84309.0
294,2004,44,86989.0
345,2005,44,80911.0
396,2006,44,108007.0
447,2007,44,109064.0
498,2008,44,98783.0
549,2009,44,104613.0
600,2010,44,109243.0
651,2011,44,113523.0
702,2012,44,118769.0
753,2013,44,115178.0
804,2014,44,107002.0
40,1990,45,338949.0
40,1991,45,344565.1
40,1992,45,350181.2
40,1993,45,355797.3
40,1994,45,361413.4
40,1995,45,367029.5
40,1996,45,372645.6
40,1997,45,378261.7
40,1998,45,383877.8
40,1999,45,389493.9
91,2000,45,395110.0
142,2001,45,311759.0
193,2002,45,329749.0
244,2003,45,315206.0
295,2004,45,339753.0
346,2005,45,334309.0
397,2006,45,397809.0
448,2007,45,401916.0
499,2008,45,397547.0
550,2009,45,406008.0
601,2010,45,434100.0
652,2011,45,413727.0
703,2012,45,413881.0
754,2013,45,413065.0
805,2014,45,414077.0
41,1990,46,55713.0
41,1991,46,57380.4
41,1992,46,59047.8
41,1993,46,60715.2
41,1994,46,62382.6
41,1995,46,64050.0
41,1996,46,65717.4
41,1997,46,67384.8
41,1998,46,69052.2
41,1999,46,70719.6
92,2000,46,72387.0
143,2001,46,63131.0
194,2002,46,64265.0
245,2003,46,69711.0
296,2004,46,67470.0
347,2005,46,74314.0
398,2006,46,83528.0
449,2007,46,78669.0
500,2008,46,74118.0
551,2009,46,80903.0
602,2010,46,80192.0
653,2011,46,80479.0
704,2012,46,79359.0
755,2013,46,80444.0
806,2014,46,81392.0
42,1990,47,463242.0
42,1991,47,470091.2
42,1992,47,476940.4
42,1993,47,483789.6
42,1994,47,490638.8
42,1995,47,497488.0
42,1996,47,504337.2
42,1997,47,511186.4
42,1998,47,518035.6
42,1999,47,524884.8
93,2000,47,531734.0
144,2001,47,464932.0
195,2002,47,474449.0
246,2003,47,475996.0
297,2004,47,498841.0
348,2005,47,490892.0
399,2006,47,518354.0
450,2007,47,527185.0
501,2008,47,519996.0
552,2009,47,544802.0
603,2010,47,546974.0
654,2011,47,526872.0
705,2012,47,529928.0
756,2013,47,553050.0
807,2014,47,552594.0
43,1990,48,1687506.0
43,1991,48,1733059.2
43,1992,48,1778612.4
43,1993,48,1824165.6
43,1994,48,1869718.8
43,1995,48,1915272.0
43,1996,48,1960825.2
43,1997,48,2006378.4
43,1998,48,2051931.6
43,1999,48,2097484.8
94,2000,48,2143038.0
145,2001,48,1900148.0
196,2002,48,1908763.0
247,2003,48,1921072.0
298,2004,48,1961675.0
349,2005,48,2017772.0
400,2006,48,2144955.0
451,2007,48,2181263.0
502,2008,48,2150680.0
553,2009,48,2263908.0
604,2010,48,2354820.0
655,2011,48,2318487.0
706,2012,48,2308192.0
757,2013,48,2343545.0
808,2014,48,2327477.0
44,1990,49,180308.0
44,1991,49,193062.4
44,1992,49,205816.8
44,1993,49,218571.2
44,1994,49,231325.6
44,1995,49,244080.0
44,1996,49,256834.4
44,1997,49,269588.8
44,1998,49,282343.2
44,1999,49,295097.6
95,2000,49,307852.0
146,2001,49,291856.0
197,2002,49,291884.0
248,2003,49,278693.0
299,2004,49,282967.0
350,2005,49,271494.0
401,2006,49,292701.0
452,2007,49,288770.0
503,2008,49,292447.0
554,2009,49,293027.0
605,2010,49,297617.0
656,2011,49,284052.0
707,2012,49,293332.0
758,2013,49,274866.0
809,2014,49,281642.0
45,1990,50,48717.0
45,1991,50,49474.6
45,1992,50,50232.2
45,1993,50,50989.8
45,1994,50,51747.4
45,1995,50,52505.0
45,1996,50,53262.6
45,1997,50,54020.2
45,1998,50,54777.8
45,1999,50,55535.4
96,2000,50,56293.0
147,2001,50,45248.0
198,2002,50,44979.0
249,2003,50,47098.0
300,2004,50,44450.0
351,2005,50,47179.0
402,2006,50,62376.0
453,2007,50,59862.0
504,2008,50,58549.0
555,2009,50,60786.0
606,2010,50,65160.0
657,2011,50,64657.0
708,2012,50,64711.0
759,2013,50,57861.0
810,2014,50,56438.0
46,1990,51,605169.0
46,1991,51,611314.0
46,1992,51,617459.0
46,1993,51,623604.0
46,1994,51,629749.0
46,1995,51,635894.0
46,1996,51,642039.0
46,1997,51,648184.0
46,1998,51,654329.0
46,1999,51,660474.0
97,2000,51,666619.0
148,2001,51,547610.0
199,2002,51,574590.0
250,2003,51,570005.0
301,2004,51,604393.0
352,2005,51,594937.0
403,2006,51,685861.0
454,2007,51,720449.0
505,2008,51,721445.0
556,2009,51,755332.0
607,2010,51,736492.0
658,2011,51,720349.0
709,2012,51,731339.0
760,2013,51,713383.0
811,2014,51,717209.0
47,1990,53,431454.0
47,1991,53,442935.5
47,1992,53,454417.0
47,1993,53,465898.5
47,1994,53,477380.0
47,1995,53,488861.5
47,1996,53,500343.0
47,1997,53,511824.5
47,1998,53,523306.0
47,1999,53,534787.5
98,2000,53,546269.0
149,2001,53,497950.0
200,2002,53,516387.0
251,2003,53,514270.0
302,2004,53,551842.0
353,2005,53,549196.0
404,2006,53,555967.0
455,2007,53,570594.0
506,2008,53,562184.0
557,2009,53,595454.0
608,2010,53,608447.0
659,2011,53,610286.0
710,2012,53,594189.0
761,2013,53,563884.0
812,2014,53,592018.0
48,1990,54,157380.0
48,1991,54,158309.6
48,1992,54,159239.2
48,1993,54,160168.8
48,1994,54,161098.4
48,1995,54,162028.0
48,1996,54,162957.6
48,1997,54,163887.2
48,1998,54,164816.8
48,1999,54,165746.4
99,2000,54,166676.0
150,2001,54,135175.0
201,2002,54,136423.0
252,2003,54,146692.0
303,2004,54,142165.0
354,2005,54,140394.0
405,2006,54,153594.0
456,2007,54,147768.0
507,2008,54,152884.0
558,2009,54,152551.0
609,2010,54,144474.0
660,2011,54,149485.0
711,2012,54,147440.0
762,2013,54,143644.0
813,2014,54,148222.0
49,1990,55,444711.0
49,1991,55,450600.7
49,1992,55,456490.4
49,1993,55,462380.1
49,1994,55,468269.8
49,1995,55,474159.5
49,1996,55,480049.2
49,1997,55,485938.9
49,1998,55,491828.6
49,1999,55,497718.3
100,2000,55,503608.0
151,2001,55,455337.0
202,2002,55,454926.0
253,2003,55,472402.0
304,2004,55,471256.0
355,2005,55,479260.0
406,2006,55,519145.0
457,2007,55,530764.0
508,2008,55,523865.0
559,2009,55,559467.0
610,2010,55,517098.0
661,2011,55,510373.0
712,2012,55,505901.0
763,2013,55,478077.0
814,2014,55,513998.0
50,1990,56,34394.0
50,1991,56,35920.2
50,1992,56,37446.4
50,1993,56,38972.6
50,1994,56,40498.8
50,1995,56,42025.0
50,1996,56,43551.2
50,1997,56,45077.4
50,1998,56,46603.6
50,1999,56,48129.8
101,2000,56,49656.0
152,2001,56,43797.0
203,2002,56,44832.0
254,2003,56,46498.0
305,2004,56,49113.0
356,2005,56,49949.0
407,2006,56,55099.0
458,2007,56,51176.0
509,2008,56,53955.0
560,2009,56,56217.0
611,2010,56,54165.0
662,2011,56,53248.0
713,2012,56,48705.0
764,2013,56,47363.0
815,2014,56,52575.0
